{"h": {"0": 12.374358974358973, "20": 6.089743589743589, "30": 5.748717948717948, "40": 6.138461538461538, "50": 6.625641025641025, "60": 6.089743589743589, "70": 5.212820512820512, "80": 1.023076923076923}, "f": {"0": 11.641025641025639, "20": 5.743589743589743, "30": 5.846153846153846, "40": 6.307692307692307, "50": 6.717948717948717, "60": 6.512820512820513, "70": 5.794871794871795, "80": 1.9999999999999998}}